point,median_oscillation_%
LH - 5 - e [14],130.0
LH - 2 - c [5],121.05263157894738
LH - 2 - i [4],118.1818181818182
RH - 2 - i [19],114.0
RH - 5 - e [29],108.33333333333336
LF - 1 - e [32],108.33333333333331
RF - 1 - e [47],83.33333333333334
LH - 3 - e [9],79.62264150943398
RH - 2 - c [20],76.0
RH - 4 - i [25],70.74074074074073
LF - 2 - e [34],70.71150097465886
LH - 1 - e [3],61.53846153846153
RH - 5 - i [28],57.69230769230771
LH - 1 - c [2],52.94117647058824
LH - 4 - i [10],50.0
LH - 4 - c [11],44.1722972972973
LF - 3 - i [35],38.70967741935485
RH - 3 - e [24],38.30293417922283
RH - 4 - c [26],35.14705882352941
RH - 1 - c [17],34.851518184851514
RF - 5 - e [57],32.87671232876713
RF - 3 - i [50],29.47368421052631
RF - 3 - e [52],29.16666666666669
LH - 5 - c [15],28.571428571428573
LH - 3 - c [8],25.862068965517267
RF - 4 - i [53],25.227272727272727
LH - 5 - i [13],24.13793103448276
RH - 1 - e [18],23.8095238095238
LH - 2 - e [6],23.333333333333336
LF - 3 - e [37],15.64685314685316
RF - 1 - i [46],15.250965250965244
RH - 5 - c [30],13.961038961038957
RF - 2 - e [49],11.032388663967605
LF - 5 - e [42],9.523809523809518
RH - 1 - i [16],5.0
LF - 5 - i [41],4.838709677419359
LF - 4 - i [38],4.025764895330109
LF - 4 - e [40],2.988215488215488
RF - 4 - e [55],2.7820121951219505
LH - 3 - i [7],1.9259259259259274
RH - 2 - e [21],1.6792929292929242
LF - 2 - c [44],0.0
LF - 2 - i [33],0.0
LF - 3 - c [36],0.0
LF - 4 - c [39],0.0
LF - 5 - c [45],0.0
LH - 4 - e [12],0.0
LH - 1 - i [1],0.0
LF - 1 - i [31],0.0
LF - 1 - c [43],0.0
RF - 2 - c [59],0.0
RF - 1 - c [58],0.0
RF - 2 - i [48],0.0
RF - 3 - c [51],0.0
RF - 5 - i [56],0.0
RF - 5 - c [60],0.0
RF - 4 - c [54],0.0
RH - 3 - c [23],0.0
RH - 3 - i [22],0.0
RH - 4 - e [27],0.0
Thyroid - LH [61],0.0
Thyroid - RH [62],0.0
